frb_name,ra,dec,dm,snr,telescope,data_source,clean_name,is_repeater,gal_b
FRB20180725A,93.42,67.07,716.5999755859375,19.2,CHIME,Vizier_CHIME_Cat1,20180725A,False,21.289749257894236
FRB20180727A,197.72,26.42,642.0999755859375,10.4,CHIME,Vizier_CHIME_Cat1,20180727A,False,85.60346823059714
FRB20180729A,199.4,55.58,108.4000015258789,32.0,CHIME,Vizier_CHIME_Cat1,20180729A,False,61.156947226508905
FRB20180729B,89.93,56.5,318.6000061035156,12.4,CHIME,Vizier_CHIME_Cat1,20180729B,False,15.683772566555003
FRB20180730A,57.39,87.19,849.2000122070312,69.5,CHIME,Vizier_CHIME_Cat1,20180730A,False,25.108395039333278
FRB20180801A,322.53,72.72,656.7000122070312,20.4,CHIME,Vizier_CHIME_Cat1,20180801A,False,15.464458764726645
FRB20180806A,228.56,75.62,739.2000122070312,13.9,CHIME,Vizier_CHIME_Cat1,20180806A,False,38.403199334033815
FRB20180810A,101.47,34.86,415.70001220703125,13.1,CHIME,Vizier_CHIME_Cat1,20180810A,False,14.058935652610314
FRB20180810B,180.41,83.14,169.8000030517578,38.6,CHIME,Vizier_CHIME_Cat1,20180810B,False,33.815702967598206
FRB20180812A,19.33,80.78,795.7999877929688,12.5,CHIME,Vizier_CHIME_Cat1,20180812A,False,17.96295606543885
FRB20180814B,238.26,74.02,237.8000030517578,18.7,CHIME,Vizier_CHIME_Cat1,20180814B,False,37.618451479567156
FRB20180814A,65.54,73.63,190.89999389648438,11.0,CHIME,Vizier_CHIME_Cat1,20180814A,False,16.584494094260577
FRB20180817A,233.2,42.2,1002.7999877929688,45.6,CHIME,Vizier_CHIME_Cat1,20180817A,False,53.98126554017223
FRB20180904A,286.58,81.22,360.70001220703125,40.8,CHIME,Vizier_CHIME_Cat1,20180904A,False,26.22040008867924
FRB20180906A,141.48,14.29,383.29998779296875,10.5,CHIME,Vizier_CHIME_Cat1,20180906A,False,40.60626760733801
FRB20180906B,185.75,56.42,3037.699951171875,10.7,CHIME,Vizier_CHIME_Cat1,20180906B,False,60.26804490965719
FRB20180907D,328.95,89.22,1444.4000244140625,12.3,CHIME,Vizier_CHIME_Cat1,20180907D,False,26.56501850627758
FRB20180907A,320.87,29.46,875.0999755859375,15.3,CHIME,Vizier_CHIME_Cat1,20180907A,False,-14.651289208660833
FRB20180907B,4.49,19.17,658.2999877929688,15.4,CHIME,Vizier_CHIME_Cat1,20180907B,False,-42.99634390872496
FRB20180907C,41.72,77.07,638.9000244140625,11.3,CHIME,Vizier_CHIME_Cat1,20180907C,False,15.664984221271961
FRB20180907E,167.88,47.09,381.70001220703125,12.2,CHIME,Vizier_CHIME_Cat1,20180907E,False,62.03569575257152
FRB20180908B,188.22,74.19,197.3000030517578,11.3,CHIME,Vizier_CHIME_Cat1,20180908B,False,42.87610344985929
FRB20180909A,123.63,56.76,407.6000061035156,11.0,CHIME,Vizier_CHIME_Cat1,20180909A,False,33.667946480352946
FRB20180910A,352.77,88.21,684.2000122070312,36.6,CHIME,Vizier_CHIME_Cat1,20180910A,False,25.445526940723717
FRB20180911C,65.54,73.63,190.89999389648438,10.5,CHIME,Vizier_CHIME_Cat1,20180911C,False,16.584494094260577
FRB20180911A,99.55,84.62,221.60000610351562,17.5,CHIME,Vizier_CHIME_Cat1,20180911A,False,26.689663714745578
FRB20180915A,280.55,17.91,370.3999938964844,13.4,CHIME,Vizier_CHIME_Cat1,20180915A,False,10.040913099947014
FRB20180915B,225.23,25.02,176.3000030517578,12.5,CHIME,Vizier_CHIME_Cat1,20180915B,False,60.92687024823908
FRB20180916A,348.97,80.33,296.0,21.4,CHIME,Vizier_CHIME_Cat1,20180916A,False,18.22915214514387
FRB20180916B,29.5031258,65.7167542,347.79998779296875,18.7,CHIME,Vizier_CHIME_Cat1,20180916B,False,3.7250308667486434
FRB20180916C,107.15,45.08,2248.300048828125,11.1,CHIME,Vizier_CHIME_Cat1,20180916C,False,21.709135161747824
FRB20180917B,238.8,77.53,860.5,16.5,CHIME,Vizier_CHIME_Cat1,20180917B,False,35.370772645394794
FRB20180917A,65.54,73.63,194.10000610351562,19.0,CHIME,Vizier_CHIME_Cat1,20180917A,False,16.584494094260577
FRB20180918A,301.27,64.96,1454.0999755859375,14.0,CHIME,Vizier_CHIME_Cat1,20180918A,False,17.10718185876513
FRB20180919B,5.34,5.94,558.0,16.1,CHIME,Vizier_CHIME_Cat1,20180919B,False,-56.1407507280482
FRB20180919A,65.54,73.63,190.89999389648438,13.4,CHIME,Vizier_CHIME_Cat1,20180919A,False,16.584494094260577
FRB20180920A,78.89,28.29,562.9000244140625,13.5,CHIME,Vizier_CHIME_Cat1,20180920A,False,-5.86971259035717
FRB20180920B,191.09,63.52,459.3999938964844,10.5,CHIME,Vizier_CHIME_Cat1,20180920B,False,53.58998234833174
FRB20180921A,28.92,5.05,393.1000061035156,10.3,CHIME,Vizier_CHIME_Cat1,20180921A,False,-54.27157938891519
FRB20180922A,342.29,69.67,562.9000244140625,24.5,CHIME,Vizier_CHIME_Cat1,20180922A,False,9.285218260112442
FRB20180923A,327.61,71.92,218.39999389648438,16.1,CHIME,Vizier_CHIME_Cat1,20180923A,False,13.828497153311783
FRB20180923D,169.08,48.75,328.3999938964844,48.1,CHIME,Vizier_CHIME_Cat1,20180923D,False,61.62053301732656
FRB20180923C,239.14,22.85,173.10000610351562,15.0,CHIME,Vizier_CHIME_Cat1,20180923C,False,48.06414928392385
FRB20180924A,35.46,37.52,1114.5,18.2,CHIME,Vizier_CHIME_Cat1,20180924A,False,-21.960477361696014
FRB20180925A,74.93,77.99,236.1999969482422,11.3,CHIME,Vizier_CHIME_Cat1,20180925A,False,21.05490462263041
FRB20180925B,145.45,20.99,668.0,12.0,CHIME,Vizier_CHIME_Cat1,20180925B,False,46.524761311699656
FRB20180928A,312.95,30.85,250.6999969482422,37.7,CHIME,Vizier_CHIME_Cat1,20180928A,False,-8.583640711634724
FRB20181012B,206.33,64.15,713.2999877929688,11.8,CHIME,Vizier_CHIME_Cat1,20181012B,False,51.974041389282604
FRB20181013A,262.83,38.41,308.8999938964844,25.6,CHIME,Vizier_CHIME_Cat1,20181013A,False,31.476666421727415
FRB20181013E,307.28,69.02,344.5,10.7,CHIME,Vizier_CHIME_Cat1,20181013E,False,17.098399046199884
FRB20181013B,97.18,52.04,284.70001220703125,11.7,CHIME,Vizier_CHIME_Cat1,20181013B,False,17.778584167974596
FRB20181013C,146.07,34.1,1004.5,12.6,CHIME,Vizier_CHIME_Cat1,20181013C,False,49.48424955534526
FRB20181014A,46.01,63.33,1311.800048828125,18.2,CHIME,Vizier_CHIME_Cat1,20181014A,False,4.187308341403935
FRB20181014B,78.56,14.66,888.0,20.9,CHIME,Vizier_CHIME_Cat1,20181014B,False,-13.822275137881462
FRB20181014C,117.87,41.59,752.0999755859375,10.1,CHIME,Vizier_CHIME_Cat1,20181014C,False,28.364366628438123
FRB20181014D,216.04,-2.93,376.8999938964844,13.6,CHIME,Vizier_CHIME_Cat1,20181014D,False,52.53839389438828
FRB20181015A,175.76,83.58,567.7000122070312,11.1,CHIME,Vizier_CHIME_Cat1,20181015A,False,33.24635852445369
FRB20181017B,237.76,78.5,304.1000061035156,12.6,CHIME,Vizier_CHIME_Cat1,20181017B,False,34.92565148253319
FRB20181017A,256.33,68.28,1268.0999755859375,12.9,CHIME,Vizier_CHIME_Cat1,20181017A,False,34.80054324205718
FRB20181018B,336.82,71.91,292.79998779296875,35.6,CHIME,Vizier_CHIME_Cat1,20181018B,False,12.121420207155785
FRB20181018A,17.03,51.55,1132.199951171875,10.8,CHIME,Vizier_CHIME_Cat1,20181018A,False,-11.236129970843018
FRB20181018C,67.15,37.57,409.20001220703125,29.4,CHIME,Vizier_CHIME_Cat1,20181018C,False,-7.683739249310985
FRB20181019A,29.5031258,65.7167542,346.1000061035156,16.2,CHIME,Vizier_CHIME_Cat1,20181019A,False,3.7250308667486434
FRB20181019B,37.87,68.18,723.0,11.3,CHIME,Vizier_CHIME_Cat1,20181019B,False,7.096057478138294
FRB20181019C,244.7,66.27,503.0,11.5,CHIME,Vizier_CHIME_Cat1,20181019C,False,39.69632538326547
FRB20181020A,322.62,78.83,1111.199951171875,11.6,CHIME,Vizier_CHIME_Cat1,20181020A,False,19.698860549584957
FRB20181022C,141.56,83.81,528.9000244140625,15.0,CHIME,Vizier_CHIME_Cat1,20181022C,False,30.885669742980543
FRB20181022D,179.18,36.53,512.7000122070312,35.6,CHIME,Vizier_CHIME_Cat1,20181022D,False,75.0788899135686
FRB20181022E,221.18,27.13,286.29998779296875,15.5,CHIME,Vizier_CHIME_Cat1,20181022E,False,64.84963798698435
FRB20181025A,105.78,64.25,590.4000244140625,18.8,CHIME,Vizier_CHIME_Cat1,20181025A,False,25.49319825248609
FRB20181027A,131.9,-4.24,726.2999877929688,15.9,CHIME,Vizier_CHIME_Cat1,20181027A,False,23.39887528541629
FRB20181028A,65.54,73.63,181.1999969482422,11.7,CHIME,Vizier_CHIME_Cat1,20181028A,False,16.584494094260577
FRB20181030C,309.83,3.99,668.0,11.7,CHIME,Vizier_CHIME_Cat1,20181030C,False,-21.773066173380702
FRB20181030A,158.35,73.79,101.9000015258789,11.5,CHIME,Vizier_CHIME_Cat1,20181030A,False,39.98487157377246
FRB20181030B,158.35,73.79,101.9000015258789,10.2,CHIME,Vizier_CHIME_Cat1,20181030B,False,39.98487157377246
FRB20181030D,81.79,16.07,289.5,21.5,CHIME,Vizier_CHIME_Cat1,20181030D,False,-10.441213791453245
FRB20181030E,135.67,8.89,158.5,24.3,CHIME,Vizier_CHIME_Cat1,20181030E,False,33.15628719140106
FRB20181101A,21.26,53.88,1468.699951171875,14.1,CHIME,Vizier_CHIME_Cat1,20181101A,False,-8.66537723597519
FRB20181102A,87.22,15.63,415.70001220703125,11.9,CHIME,Vizier_CHIME_Cat1,20181102A,False,-6.211616012850297
FRB20181104A,29.5031258,65.7167542,347.79998779296875,17.9,CHIME,Vizier_CHIME_Cat1,20181104A,False,3.7250308667486434
FRB20181104B,29.5031258,65.7167542,342.8999938964844,10.6,CHIME,Vizier_CHIME_Cat1,20181104B,False,3.7250308667486434
FRB20181104C,77.05,17.44,580.7000122070312,62.2,CHIME,Vizier_CHIME_Cat1,20181104C,False,-13.474315582757114
FRB20181115A,142.98,56.4,981.7999877929688,18.8,CHIME,Vizier_CHIME_Cat1,20181115A,False,44.20055587971065
FRB20181116A,36.05,4.52,354.20001220703125,25.3,CHIME,Vizier_CHIME_Cat1,20181116A,False,-51.22382026620904
FRB20181116B,232.66,64.94,409.20001220703125,16.0,CHIME,Vizier_CHIME_Cat1,20181116B,False,44.64218023740321
FRB20181117C,53.21,25.73,1776.0,28.3,CHIME,Vizier_CHIME_Cat1,20181117C,False,-24.39669243647051
FRB20181117A,147.73,52.51,960.7999877929688,12.2,CHIME,Vizier_CHIME_Cat1,20181117A,False,48.06939626515811
FRB20181117B,81.09,79.99,540.2000122070312,17.1,CHIME,Vizier_CHIME_Cat1,20181117B,False,23.058408947005564
FRB20181118A,20.65,-6.41,558.0,10.8,CHIME,Vizier_CHIME_Cat1,20181118A,False,-67.99763449605099
FRB20181118B,58.28,10.79,422.20001220703125,18.1,CHIME,Vizier_CHIME_Cat1,20181118B,False,-31.88875871160193
FRB20181118C,65.54,73.63,187.60000610351562,10.3,CHIME,Vizier_CHIME_Cat1,20181118C,False,16.584494094260577
FRB20181119B,299.38,31.12,608.2000122070312,49.9,CHIME,Vizier_CHIME_Cat1,20181119B,False,1.0893841752883069
FRB20181119E,16.36,60.53,1169.5,11.2,CHIME,Vizier_CHIME_Cat1,20181119E,False,-2.294903539779264
FRB20181119D,82.994575,33.147941,595.2000122070312,23.7,CHIME,Vizier_CHIME_Cat1,20181119D,False,-0.22186828399673794
FRB20181119A,190.53,65.13,368.79998779296875,11.1,CHIME,Vizier_CHIME_Cat1,20181119A,False,51.96947715412563
FRB20181119C,190.1,82.16,283.1000061035156,27.0,CHIME,Vizier_CHIME_Cat1,20181119C,False,34.9584104962712
FRB20181120B,29.5031258,65.7167542,351.0,13.4,CHIME,Vizier_CHIME_Cat1,20181120B,False,3.7250308667486434
FRB20181120C,65.54,73.63,190.89999389648438,10.6,CHIME,Vizier_CHIME_Cat1,20181120C,False,16.584494094260577
FRB20181122A,60.04,55.48,661.5999755859375,12.2,CHIME,Vizier_CHIME_Cat1,20181122A,False,1.8851125751262998
FRB20181122B,281.08,85.02,224.8000030517578,64.9,CHIME,Vizier_CHIME_Cat1,20181122B,False,27.171894192661654
FRB20181123A,300.76,55.87,797.4000244140625,17.0,CHIME,Vizier_CHIME_Cat1,20181123A,False,12.94208366034389
FRB20181124B,318.56,29.88,800.7000122070312,29.0,CHIME,Vizier_CHIME_Cat1,20181124B,False,-12.894112546249358
FRB20181124A,175.98,63.52,1108.0,10.4,CHIME,Vizier_CHIME_Cat1,20181124A,False,51.988091329234045
FRB20181125A,147.94,33.93,278.20001220703125,18.3,CHIME,Vizier_CHIME_Cat1,20181125A,False,51.02412174717895
FRB20181126A,262.05,81.17,493.29998779296875,51.6,CHIME,Vizier_CHIME_Cat1,20181126A,False,29.941399920246003
FRB20181127A,243.8,25.43,930.0999755859375,15.7,CHIME,Vizier_CHIME_Cat1,20181127A,False,44.609600512744336
FRB20181128A,73.92,63.22,446.3999938964844,23.4,CHIME,Vizier_CHIME_Cat1,20181128A,False,12.300514812047501
FRB20181128B,157.22,38.28,454.5,13.3,CHIME,Vizier_CHIME_Cat1,20181128B,False,58.240378653042576
FRB20181128D,215.62,59.93,147.1999969482422,47.0,CHIME,Vizier_CHIME_Cat1,20181128D,False,53.69001188212966
FRB20181128C,268.77,49.71,614.5999755859375,11.0,CHIME,Vizier_CHIME_Cat1,20181128C,False,29.20382174072047
FRB20181129A,355.12,44.95,386.6000061035156,25.4,CHIME,Vizier_CHIME_Cat1,20181129A,False,-16.127084642368857
FRB20181129B,307.56,81.32,406.0,11.8,CHIME,Vizier_CHIME_Cat1,20181129B,False,23.24321648666435
FRB20181129C,233.38,40.03,503.0,18.3,CHIME,Vizier_CHIME_Cat1,20181129C,False,54.225050619867055
FRB20181130A,355.19,46.49,218.39999389648438,20.9,CHIME,Vizier_CHIME_Cat1,20181130A,False,-14.662735504078553
FRB20181201A,214.96,39.27,698.7000122070312,17.8,CHIME,Vizier_CHIME_Cat1,20181201A,False,67.97278901447915
FRB20181201B,273.38,56.31,875.0999755859375,14.2,CHIME,Vizier_CHIME_Cat1,20181201B,False,27.432760928141516
FRB20181202A,351.01,17.36,669.5999755859375,27.0,CHIME,Vizier_CHIME_Cat1,20181202A,False,-40.7208205877873
FRB20181202B,202.83,64.72,826.5,16.1,CHIME,Vizier_CHIME_Cat1,20181202B,False,51.87237394652564
FRB20181202C,307.13,57.03,558.0,10.4,CHIME,Vizier_CHIME_Cat1,20181202C,False,10.571827059889896
FRB20181203A,33.6,23.57,635.7000122070312,19.2,CHIME,Vizier_CHIME_Cat1,20181203A,False,-35.488502504637786
FRB20181203B,47.31,24.02,373.6000061035156,25.6,CHIME,Vizier_CHIME_Cat1,20181203B,False,-28.99503184827995
FRB20181203C,198.48,72.94,2442.39990234375,10.3,CHIME,Vizier_CHIME_Cat1,20181203C,False,44.08803659154888
FRB20181208A,264.43,62.62,561.2999877929688,22.3,CHIME,Vizier_CHIME_Cat1,20181208A,False,32.296214633603995
FRB20181209A,98.16,68.69,328.3999938964844,24.2,CHIME,Vizier_CHIME_Cat1,20181209A,False,23.472473604498823
FRB20181213A,127.66,73.87,677.7000122070312,16.1,CHIME,Vizier_CHIME_Cat1,20181213A,False,32.80263720801782
FRB20181213B,183.52,53.7,626.0,12.3,CHIME,Vizier_CHIME_Cat1,20181213B,False,62.54716097971109
FRB20181213C,216.4,47.46,380.1000061035156,11.7,CHIME,Vizier_CHIME_Cat1,20181213C,False,62.57564438580643
FRB20181214A,70.0,43.07,467.5,25.4,CHIME,Vizier_CHIME_Cat1,20181214A,False,-2.3712029558341965
FRB20181214B,138.79,42.15,1120.9000244140625,10.2,CHIME,Vizier_CHIME_Cat1,20181214B,False,43.8830631824726
FRB20181214C,175.93,60.02,632.4000244140625,29.1,CHIME,Vizier_CHIME_Cat1,20181214C,False,55.1274048857925
FRB20181214D,178.57,46.71,1171.0999755859375,18.2,CHIME,Vizier_CHIME_Cat1,20181214D,False,67.41093887354597
FRB20181214F,252.62,32.44,2106.0,11.0,CHIME,Vizier_CHIME_Cat1,20181214F,False,38.52579482829412
FRB20181215A,93.38,39.34,412.5,9.2,CHIME,Vizier_CHIME_Cat1,20181215A,False,10.119171985519932
FRB20181215B,254.81,47.56,493.29998779296875,24.8,CHIME,Vizier_CHIME_Cat1,20181215B,False,38.23744724413622
FRB20181216A,306.28,53.53,541.9000244140625,11.0,CHIME,Vizier_CHIME_Cat1,20181216A,False,8.999067428418497
FRB20181217A,290.5,59.8,1175.9000244140625,12.5,CHIME,Vizier_CHIME_Cat1,20181217A,False,19.546557602270408
FRB20181218A,5.06,71.35,1873.0999755859375,18.6,CHIME,Vizier_CHIME_Cat1,20181218A,False,8.630801825381589
FRB20181218B,18.04,69.39,752.0999755859375,10.9,CHIME,Vizier_CHIME_Cat1,20181218B,False,6.592056459684744
FRB20181218C,285.98,58.24,385.0,9.2,CHIME,Vizier_CHIME_Cat1,20181218C,False,21.235604920476796
FRB20181219B,180.79,71.55,1950.699951171875,23.1,CHIME,Vizier_CHIME_Cat1,20181219B,False,45.07087092715785
FRB20181219C,17.77,14.11,648.5999755859375,18.6,CHIME,Vizier_CHIME_Cat1,20181219C,False,-48.487134798084654
FRB20181219A,73.92,63.22,449.70001220703125,10.2,CHIME,Vizier_CHIME_Cat1,20181219A,False,12.300514812047501
FRB20181220A,346.11,48.43,208.6999969482422,27.6,CHIME,Vizier_CHIME_Cat1,20181220A,False,-10.730986386564632
FRB20181220B,277.37,84.87,257.20001220703125,13.4,CHIME,Vizier_CHIME_Cat1,20181220B,False,27.501386638072347
FRB20181221A,230.58,25.86,313.79998779296875,18.6,CHIME,Vizier_CHIME_Cat1,20181221A,False,56.34373541427369
FRB20181221B,306.31,80.98,1392.699951171875,26.7,CHIME,Vizier_CHIME_Cat1,20181221B,False,23.25458490804521
FRB20181222A,29.5031258,65.7167542,349.3999938964844,24.0,CHIME,Vizier_CHIME_Cat1,20181222A,False,3.7250308667486434
FRB20181222B,90.04,38.55,619.5,9.5,CHIME,Vizier_CHIME_Cat1,20181222B,False,7.454174192489109
FRB20181222C,131.05,68.33,1104.800048828125,11.0,CHIME,Vizier_CHIME_Cat1,20181222C,False,35.38076385186171
FRB20181222D,188.2,56.16,1413.699951171875,10.5,CHIME,Vizier_CHIME_Cat1,20181222D,False,60.775452806446516
FRB20181222E,50.64,86.97,328.3999938964844,17.7,CHIME,Vizier_CHIME_Cat1,20181222E,False,24.718771975306346
FRB20181223A,29.5031258,65.7167542,352.6000061035156,31.8,CHIME,Vizier_CHIME_Cat1,20181223A,False,3.7250308667486434
FRB20181223B,174.89,21.59,564.5,12.4,CHIME,Vizier_CHIME_Cat1,20181223B,False,72.73939935815169
FRB20181223C,181.05,27.58,111.5999984741211,19.5,CHIME,Vizier_CHIME_Cat1,20181223C,False,79.50527040207952
FRB20181224A,355.11,44.56,308.8999938964844,65.0,CHIME,Vizier_CHIME_Cat1,20181224A,False,-16.499177825187882
FRB20181224B,45.36,46.14,779.5999755859375,14.0,CHIME,Vizier_CHIME_Cat1,20181224B,False,-11.02936985630823
FRB20181224C,115.29,60.28,608.2000122070312,13.3,CHIME,Vizier_CHIME_Cat1,20181224C,False,29.404919199248578
FRB20181224D,182.45,54.85,690.7000122070312,11.2,CHIME,Vizier_CHIME_Cat1,20181224D,False,61.256833554798725
FRB20181224E,239.32,7.32,580.7000122070312,32.4,CHIME,Vizier_CHIME_Cat1,20181224E,False,41.77236141074951
FRB20181225A,29.5031258,65.7167542,346.1000061035156,16.2,CHIME,Vizier_CHIME_Cat1,20181225A,False,3.7250308667486434
FRB20181225B,36.77,88.2,299.20001220703125,19.1,CHIME,Vizier_CHIME_Cat1,20181225B,False,25.480427260737404
FRB20181226C,349.05,44.94,409.20001220703125,18.8,CHIME,Vizier_CHIME_Cat1,20181226C,False,-14.730243542706365
FRB20181226A,29.5031258,65.7167542,347.79998779296875,16.7,CHIME,Vizier_CHIME_Cat1,20181226A,False,3.7250308667486434
FRB20181226D,120.22,22.16,386.6000061035156,24.2,CHIME,Vizier_CHIME_Cat1,20181226D,False,24.70437119327372
FRB20181226B,182.66,12.43,287.8999938964844,52.4,CHIME,Vizier_CHIME_Cat1,20181226B,False,72.46648277661545
FRB20181226E,303.56,73.64,308.8999938964844,16.5,CHIME,Vizier_CHIME_Cat1,20181226E,False,20.42057753346293
FRB20181227A,31.79,78.38,791.0,9.2,CHIME,Vizier_CHIME_Cat1,20181227A,False,16.085585401190144
FRB20181228A,7.26,10.22,748.9000244140625,12.6,CHIME,Vizier_CHIME_Cat1,20181228A,False,-52.25878856753124
FRB20181228B,250.43,63.85,566.0999755859375,15.5,CHIME,Vizier_CHIME_Cat1,20181228B,False,38.29078240413289
FRB20181228C,265.19,54.36,509.5,11.1,CHIME,Vizier_CHIME_Cat1,20181228C,False,31.86906951564088
FRB20181229A,137.18,42.01,955.9000244140625,23.6,CHIME,Vizier_CHIME_Cat1,20181229A,False,42.689068285982344
FRB20181229B,238.37,19.78,375.29998779296875,11.1,CHIME,Vizier_CHIME_Cat1,20181229B,False,47.83335458404787
FRB20181230A,346.69,83.37,763.5,14.1,CHIME,Vizier_CHIME_Cat1,20181230A,False,21.14392473195289
FRB20181230B,20.83,79.7,1135.5,12.8,CHIME,Vizier_CHIME_Cat1,20181230B,False,16.920295468830595
FRB20181230C,245.75,50.52,1036.800048828125,14.3,CHIME,Vizier_CHIME_Cat1,20181230C,False,43.896422823103194
FRB20181230D,255.3,50.51,224.8000030517578,13.3,CHIME,Vizier_CHIME_Cat1,20181230D,False,37.86197828286555
FRB20181230E,113.26,86.85,1041.699951171875,13.9,CHIME,Vizier_CHIME_Cat1,20181230E,False,27.653517327114198
FRB20181231A,29.71,20.96,1376.5,28.3,CHIME,Vizier_CHIME_Cat1,20181231A,False,-39.220116815669826
FRB20181231B,128.77,55.99,199.0,33.2,CHIME,Vizier_CHIME_Cat1,20181231B,False,36.548784872004255
FRB20181231C,197.09,69.18,554.7999877929688,18.2,CHIME,Vizier_CHIME_Cat1,20181231C,False,47.874576626797555
FRB20190101A,171.01,27.99,867.0,17.7,CHIME,Vizier_CHIME_Cat1,20190101A,False,70.63625074591927
FRB20190101B,307.77,29.89,1321.5,14.0,CHIME,Vizier_CHIME_Cat1,20190101B,False,-5.61069060955543
FRB20190102A,9.26,26.72,697.0999755859375,22.4,CHIME,Vizier_CHIME_Cat1,20190102A,False,-36.04054974363162
FRB20190102B,21.66,21.39,367.20001220703125,22.9,CHIME,Vizier_CHIME_Cat1,20190102B,False,-40.7398320853422
FRB20190103B,93.57,19.73,530.5,15.7,CHIME,Vizier_CHIME_Cat1,20190103B,False,1.0717527990021247
FRB20190103C,104.19,11.07,1349.0,25.1,CHIME,Vizier_CHIME_Cat1,20190103C,False,6.1904428059057
FRB20190103A,190.53,65.13,365.6000061035156,15.7,CHIME,Vizier_CHIME_Cat1,20190103A,False,51.96947715412563
FRB20190103D,221.84,59.91,1911.9000244140625,10.5,CHIME,Vizier_CHIME_Cat1,20190103D,False,51.70841945201691
FRB20190103E,262.89,45.84,736.0,9.1,CHIME,Vizier_CHIME_Cat1,20190103E,False,32.606846528215044
FRB20190104A,70.5,35.59,548.2999877929688,17.2,CHIME,Vizier_CHIME_Cat1,20190104A,False,-7.007154334683103
FRB20190104B,234.72,-6.25,527.2999877929688,9.8,CHIME,Vizier_CHIME_Cat1,20190104B,False,37.53576602591348
FRB20190105A,266.3,63.82,385.0,10.9,CHIME,Vizier_CHIME_Cat1,20190105A,False,31.4071863449066
FRB20190106A,22.19,46.12,341.29998779296875,9.6,CHIME,Vizier_CHIME_Cat1,20190106A,False,-16.264002515357458
FRB20190106B,335.63,46.13,315.3999938964844,41.2,CHIME,Vizier_CHIME_Cat1,20190106B,False,-9.344453589510367
FRB20190107A,0.86,21.81,841.0999755859375,9.0,CHIME,Vizier_CHIME_Cat1,20190107A,False,-39.70368373568665
FRB20190107B,33.45,83.4,166.60000610351562,20.6,CHIME,Vizier_CHIME_Cat1,20190107B,False,20.928576887249815
FRB20190109A,107.96,5.16,325.1000061035156,9.4,CHIME,Vizier_CHIME_Cat1,20190109A,False,6.88126671844606
FRB20190109B,253.47,1.25,176.3000030517578,11.6,CHIME,Vizier_CHIME_Cat1,20190109B,False,26.52571220509855
FRB20190110A,64.95,47.44,470.70001220703125,29.1,CHIME,Vizier_CHIME_Cat1,20190110A,False,-1.9476449793549124
FRB20190110B,131.68,50.16,486.8999938964844,12.3,CHIME,Vizier_CHIME_Cat1,20190110B,False,38.68072597787858
FRB20190110C,246.98,41.42,221.60000610351562,15.6,CHIME,Vizier_CHIME_Cat1,20190110C,False,43.85287852949887
FRB20190111A,217.0,26.78,173.10000610351562,64.3,CHIME,Vizier_CHIME_Cat1,20190111A,False,68.51225974973534
FRB20190111B,260.02,13.53,1334.4000244140625,24.1,CHIME,Vizier_CHIME_Cat1,20190111B,False,26.266174066610724
FRB20190112A,257.98,61.2,420.5,27.8,CHIME,Vizier_CHIME_Cat1,20190112A,False,35.44798068751669
FRB20190113A,108.14,-2.99,430.29998779296875,10.9,CHIME,Vizier_CHIME_Cat1,20190113A,False,3.3256569650102223
FRB20190114A,8.95,19.17,889.5999755859375,11.5,CHIME,Vizier_CHIME_Cat1,20190114A,False,-43.546916198948175
FRB20190115A,45.61,54.28,1020.5999755859375,10.4,CHIME,Vizier_CHIME_Cat1,20190115A,False,-3.8299070923759975
FRB20190115B,76.82,82.06,748.9000244140625,18.2,CHIME,Vizier_CHIME_Cat1,20190115B,False,23.43092643992245
FRB20190116E,19.36,52.32,1489.699951171875,11.9,CHIME,Vizier_CHIME_Cat1,20190116E,False,-10.347975158152279
FRB20190116D,85.1,68.68,1161.4000244140625,11.5,CHIME,Vizier_CHIME_Cat1,20190116D,False,19.031001675288515
FRB20190116A,192.33,27.15,446.3999938964844,15.8,CHIME,Vizier_CHIME_Cat1,20190116A,False,89.52831555754982
FRB20190116B,192.33,27.15,441.6000061035156,12.9,CHIME,Vizier_CHIME_Cat1,20190116B,False,89.52831555754982
FRB20190116C,249.32,70.96,629.2000122070312,74.4,CHIME,Vizier_CHIME_Cat1,20190116C,False,36.260194851954765
FRB20190116F,261.67,75.0,315.3999938964844,13.6,CHIME,Vizier_CHIME_Cat1,20190116F,False,31.58116080883993
FRB20190117C,115.13,74.59,865.4000244140625,10.2,CHIME,Vizier_CHIME_Cat1,20190117C,False,29.33083829229236
FRB20190117D,208.87,31.68,1175.9000244140625,15.7,CHIME,Vizier_CHIME_Cat1,20190117D,False,75.34534862144986
FRB20190117A,331.71,17.37,393.1000061035156,24.2,CHIME,Vizier_CHIME_Cat1,20190117A,False,-30.229556189489525
FRB20190118B,39.71,23.57,666.4000244140625,9.7,CHIME,Vizier_CHIME_Cat1,20190118B,False,-33.055967967279834
FRB20190118A,253.31,11.55,224.8000030517578,47.2,CHIME,Vizier_CHIME_Cat1,20190118A,False,31.421528988012764
FRB20190121A,354.74,78.6,423.79998779296875,31.3,CHIME,Vizier_CHIME_Cat1,20190121A,False,16.248185667205977
FRB20190122B,2.53,35.12,467.5,9.3,CHIME,Vizier_CHIME_Cat1,20190122B,False,-26.99053650288014
FRB20190122C,200.6,17.57,690.7000122070312,43.2,CHIME,Vizier_CHIME_Cat1,20190122C,False,78.06593106180925
FRB20190122A,349.56,37.5,1229.300048828125,11.7,CHIME,Vizier_CHIME_Cat1,20190122A,False,-21.77170227627455
FRB20190124A,50.46,51.58,1274.5999755859375,14.4,CHIME,Vizier_CHIME_Cat1,20190124A,False,-4.641796953780041
FRB20190124B,214.69,28.8,443.20001220703125,14.5,CHIME,Vizier_CHIME_Cat1,20190124B,False,70.67313806226187
FRB20190124C,217.17,28.38,302.5,47.5,CHIME,Vizier_CHIME_Cat1,20190124C,False,68.48612289986154
FRB20190124D,237.26,81.23,341.29998779296875,9.1,CHIME,Vizier_CHIME_Cat1,20190124D,False,33.20266499264422
FRB20190124E,297.75,20.57,614.5999755859375,13.6,CHIME,Vizier_CHIME_Cat1,20190124E,False,-3.090370510412959
FRB20190124F,338.92,5.3,253.89999389648438,35.9,CHIME,Vizier_CHIME_Cat1,20190124F,False,-43.8746242784365
FRB20190125A,45.73,27.81,562.9000244140625,9.4,CHIME,Vizier_CHIME_Cat1,20190125A,False,-26.642903482286144
FRB20190125B,231.45,50.54,177.89999389648438,13.2,CHIME,Vizier_CHIME_Cat1,20190125B,False,52.575479974973995
FRB20190126A,29.5031258,65.7167542,351.0,11.6,CHIME,Vizier_CHIME_Cat1,20190126A,False,3.7250308667486434
FRB20190127B,150.92,83.56,666.4000244140625,11.5,CHIME,Vizier_CHIME_Cat1,20190127B,False,31.82727296458657
FRB20190128A,21.8,24.67,695.5,11.8,CHIME,Vizier_CHIME_Cat1,20190128A,False,-37.48878597000092
FRB20190128B,127.44,23.29,247.5,14.1,CHIME,Vizier_CHIME_Cat1,20190128B,False,31.354569341787702
FRB20190128C,69.8,78.94,304.1000061035156,10.1,CHIME,Vizier_CHIME_Cat1,20190128C,False,20.755363199835234
FRB20190128D,283.32,17.44,428.6000061035156,9.4,CHIME,Vizier_CHIME_Cat1,20190128D,False,7.460173893714213
FRB20190129A,45.06,21.42,478.79998779296875,12.7,CHIME,Vizier_CHIME_Cat1,20190129A,False,-32.313653106437414
FRB20190130A,25.64,13.16,1365.199951171875,9.5,CHIME,Vizier_CHIME_Cat1,20190130A,False,-47.84485178096943
FRB20190130B,172.11,16.05,988.2999877929688,23.6,CHIME,Vizier_CHIME_Cat1,20190130B,False,67.8029089014292
FRB20190131E,195.65,80.92,279.79998779296875,20.9,CHIME,Vizier_CHIME_Cat1,20190131E,False,36.19642686678842
FRB20190131D,57.46,22.75,642.0999755859375,18.7,CHIME,Vizier_CHIME_Cat1,20190131D,False,-24.082690278639046
FRB20190131C,166.45,10.43,506.29998779296875,13.6,CHIME,Vizier_CHIME_Cat1,20190131C,False,60.052729070333875
FRB20190131B,354.72,11.71,1801.9000244140625,12.2,CHIME,Vizier_CHIME_Cat1,20190131B,False,-47.35869192544435
FRB20190201B,118.2,55.58,748.9000244140625,19.8,CHIME,Vizier_CHIME_Cat1,20190201B,False,30.613104501269717
FRB20190201A,64.03,84.84,241.0,11.0,CHIME,Vizier_CHIME_Cat1,20190201A,False,23.825251097199576
FRB20190202B,114.32,32.45,464.20001220703125,20.2,CHIME,Vizier_CHIME_Cat1,20190202B,False,23.19660710810505
FRB20190202A,344.2,17.1,305.70001220703125,101.0,CHIME,Vizier_CHIME_Cat1,20190202A,False,-37.759657557625154
FRB20190203B,130.64,61.89,580.7000122070312,9.0,CHIME,Vizier_CHIME_Cat1,20190203B,False,36.7012614444225
FRB20190203A,133.68,70.82,418.8999938964844,32.0,CHIME,Vizier_CHIME_Cat1,20190203A,False,35.48437105538975
FRB20190203C,196.01,2.48,370.3999938964844,11.1,CHIME,Vizier_CHIME_Cat1,20190203C,False,65.16776375264958
FRB20190204A,161.33,61.53,448.0,10.1,CHIME,Vizier_CHIME_Cat1,20190204A,False,49.68189159128328
FRB20190204B,255.92,75.87,1463.800048828125,28.0,CHIME,Vizier_CHIME_Cat1,20190204B,False,32.725858136736974
FRB20190205A,342.22,83.37,693.9000244140625,9.5,CHIME,Vizier_CHIME_Cat1,20190205A,False,21.3783168781272
FRB20190206C,200.45,74.39,1044.9000244140625,9.3,CHIME,Vizier_CHIME_Cat1,20190206C,False,42.574761707689184
FRB20190206B,49.76,79.5,355.79998779296875,9.7,CHIME,Vizier_CHIME_Cat1,20190206B,False,18.581326405495094
FRB20190206A,244.85,9.36,187.60000610351562,13.4,CHIME,Vizier_CHIME_Cat1,20190206A,False,37.94542126327006
FRB20190208B,91.0,80.88,713.2999877929688,96.4,CHIME,Vizier_CHIME_Cat1,20190208B,False,24.9121935381569
FRB20190208C,141.55,83.56,237.8000030517578,16.3,CHIME,Vizier_CHIME_Cat1,20190208C,False,31.031381891062487
FRB20190208A,283.52,46.96,579.0999755859375,12.2,CHIME,Vizier_CHIME_Cat1,20190208A,False,19.04228400060587
FRB20190209A,144.32,77.67,423.79998779296875,11.8,CHIME,Vizier_CHIME_Cat1,20190209A,False,34.840840036381316
FRB20190210B,104.18,23.7,622.7000122070312,43.9,CHIME,Vizier_CHIME_Cat1,20190210B,False,11.657568344267563
FRB20190210C,295.75,89.1,642.0999755859375,19.7,CHIME,Vizier_CHIME_Cat1,20190210C,False,26.92404520327677
FRB20190210A,144.32,77.67,420.5,10.1,CHIME,Vizier_CHIME_Cat1,20190210A,False,34.840840036381316
FRB20190210D,307.8,55.46,357.5,20.6,CHIME,Vizier_CHIME_Cat1,20190210D,False,9.371003234137783
FRB20190210E,313.65,86.67,580.7000122070312,9.5,CHIME,Vizier_CHIME_Cat1,20190210E,False,25.38828461796809
FRB20190211A,67.06,68.64,1188.9000244140625,20.2,CHIME,Vizier_CHIME_Cat1,20190211A,False,13.594361491379972
FRB20190211B,299.62,61.37,260.3999938964844,12.7,CHIME,Vizier_CHIME_Cat1,20190211B,False,16.09665311867146
FRB20190212B,139.99,52.11,600.0999755859375,29.0,CHIME,Vizier_CHIME_Cat1,20190212B,False,43.61383807869548
FRB20190212C,172.57,28.14,1012.5999755859375,12.2,CHIME,Vizier_CHIME_Cat1,20190212C,False,72.01733566254966
FRB20190212D,178.83,66.72,1145.199951171875,9.7,CHIME,Vizier_CHIME_Cat1,20190212D,False,49.47414982511761
FRB20190212A,276.14,81.43,300.8999938964844,9.9,CHIME,Vizier_CHIME_Cat1,20190212A,False,27.801555184618874
FRB20190213A,31.72,20.08,650.2000122070312,9.5,CHIME,Vizier_CHIME_Cat1,20190213A,False,-39.37959757794752
FRB20190213C,64.26,45.0,357.5,9.9,CHIME,Vizier_CHIME_Cat1,20190213C,False,-4.0245589085710325
FRB20190213B,276.14,81.43,302.5,9.5,CHIME,Vizier_CHIME_Cat1,20190213B,False,27.801555184618874
FRB20190213D,336.45,52.71,1344.0999755859375,18.7,CHIME,Vizier_CHIME_Cat1,20190213D,False,-4.081400061772361
FRB20190214A,96.09,66.24,498.20001220703125,11.4,CHIME,Vizier_CHIME_Cat1,20190214A,False,22.028473739444326
FRB20190214C,218.87,19.36,533.7999877929688,15.5,CHIME,Vizier_CHIME_Cat1,20190214C,False,64.92805155119886
FRB20190215B,335.04,45.34,273.3999938964844,44.5,CHIME,Vizier_CHIME_Cat1,20190215B,False,-9.7779859545287
FRB20190216A,256.33,68.28,1268.0999755859375,22.6,CHIME,Vizier_CHIME_Cat1,20190216A,False,34.80054324205718
FRB20190217A,94.88,43.11,797.4000244140625,15.4,CHIME,Vizier_CHIME_Cat1,20190217A,False,12.792771314480845
FRB20190217B,22.58,26.95,847.5999755859375,10.8,CHIME,Vizier_CHIME_Cat1,20190217B,False,-35.119935083866
FRB20190218A,184.05,56.42,1282.699951171875,13.7,CHIME,Vizier_CHIME_Cat1,20190218A,False,60.035228916789144
FRB20190218B,268.7,17.93,549.9000244140625,11.1,CHIME,Vizier_CHIME_Cat1,20190218B,False,20.33531945725747
FRB20190218C,156.96,77.95,318.6000061035156,67.5,CHIME,Vizier_CHIME_Cat1,20190218C,False,36.61550599829612
FRB20190219A,105.78,43.13,655.0999755859375,23.0,CHIME,Vizier_CHIME_Cat1,20190219A,False,20.171381774435368
FRB20190219B,246.3,57.92,1675.699951171875,29.1,CHIME,Vizier_CHIME_Cat1,20190219B,False,41.90601589887145
FRB20190219C,349.67,49.21,805.5,9.1,CHIME,Vizier_CHIME_Cat1,20190219C,False,-10.90699155033114
FRB20190220A,237.21,74.16,215.10000610351562,10.3,CHIME,Vizier_CHIME_Cat1,20190220A,False,37.76166835838221
FRB20190221A,132.6,9.9,224.8000030517578,13.6,CHIME,Vizier_CHIME_Cat1,20190221A,False,30.885335136008955
FRB20190221B,286.77,27.86,394.70001220703125,13.7,CHIME,Vizier_CHIME_Cat1,20190221B,False,9.173598463657296
FRB20190221C,316.15,54.67,2038.0,19.3,CHIME,Vizier_CHIME_Cat1,20190221C,False,5.135703058342014
FRB20190221D,24.81,60.93,473.8999938964844,10.0,CHIME,Vizier_CHIME_Cat1,20190221D,False,-1.4045375253197803
FRB20190222B,160.69,19.62,498.20001220703125,10.0,CHIME,Vizier_CHIME_Cat1,20190222B,False,59.62396480482751
FRB20190222C,239.18,40.03,522.5,16.2,CHIME,Vizier_CHIME_Cat1,20190222C,False,49.81129720673392
FRB20190222A,313.06,69.83,462.6000061035156,31.2,CHIME,Vizier_CHIME_Cat1,20190222A,False,15.88181144690727
FRB20190222D,313.9,26.57,894.5,9.4,CHIME,Vizier_CHIME_Cat1,20190222D,False,-11.916904338613985
FRB20190223A,64.72,87.65,389.79998779296875,13.2,CHIME,Vizier_CHIME_Cat1,20190223A,False,25.66211339190746
FRB20190223B,311.62,60.56,535.4000244140625,9.0,CHIME,Vizier_CHIME_Cat1,20190223B,False,10.756122813530364
FRB20190224A,60.53,83.39,821.7000122070312,11.7,CHIME,Vizier_CHIME_Cat1,20190224A,False,22.579542430832824
FRB20190224B,268.24,82.57,839.5,10.0,CHIME,Vizier_CHIME_Cat1,20190224B,False,28.764025314644524
FRB20190224C,124.05,19.78,495.0,18.3,CHIME,Vizier_CHIME_Cat1,20190224C,False,27.19579434739479
FRB20190224D,331.89,89.05,752.0999755859375,29.0,CHIME,Vizier_CHIME_Cat1,20190224D,False,26.409236780523294
FRB20190224E,183.04,61.54,435.1000061035156,46.5,CHIME,Vizier_CHIME_Cat1,20190224E,False,54.9632804456771
FRB20190226A,58.83,31.93,600.0999755859375,10.6,CHIME,Vizier_CHIME_Cat1,20190226A,False,-16.4878862923232
FRB20190226B,273.57,61.81,630.7999877929688,9.2,CHIME,Vizier_CHIME_Cat1,20190226B,False,28.018993152313193
FRB20190226C,17.46,26.76,826.5,10.6,CHIME,Vizier_CHIME_Cat1,20190226C,False,-35.930374004664785
FRB20190227A,108.41,56.34,393.1000061035156,63.4,CHIME,Vizier_CHIME_Cat1,20190227A,False,25.292951837301377
FRB20190227B,220.54,39.8,331.6000061035156,9.4,CHIME,Vizier_CHIME_Cat1,20190227B,False,63.81672759592222
FRB20190228A,183.48,22.9,439.8999938964844,37.8,CHIME,Vizier_CHIME_Cat1,20190228A,False,80.51105143941376
FRB20190228B,50.01,81.94,1125.800048828125,30.5,CHIME,Vizier_CHIME_Cat1,20190228B,False,20.61086854386642
FRB20190301B,69.5,74.08,619.5,9.3,CHIME,Vizier_CHIME_Cat1,20190301B,False,17.713414203800426
FRB20190301C,171.83,34.93,805.5,9.1,CHIME,Vizier_CHIME_Cat1,20190301C,False,70.41503766959497
FRB20190301D,278.72,74.68,1159.699951171875,10.4,CHIME,Vizier_CHIME_Cat1,20190301D,False,27.177866072030554
FRB20190301A,313.06,69.83,461.0,17.9,CHIME,Vizier_CHIME_Cat1,20190301A,False,15.88181144690727
FRB20190302A,34.8,61.34,1009.2999877929688,20.4,CHIME,Vizier_CHIME_Cat1,20190302A,False,0.23977214290830443
FRB20190303B,128.74,66.03,192.5,52.3,CHIME,Vizier_CHIME_Cat1,20190303B,False,35.063270215615354
FRB20190303C,173.24,26.32,1088.5999755859375,15.6,CHIME,Vizier_CHIME_Cat1,20190303C,False,72.47531295804437
FRB20190303D,179.57,70.84,710.0999755859375,9.8,CHIME,Vizier_CHIME_Cat1,20190303D,False,45.64347337763556
FRB20190303A,208.03,48.24,223.1999969482422,11.2,CHIME,Vizier_CHIME_Cat1,20190303A,False,65.81443604901753
FRB20190304A,124.51,74.61,483.6000061035156,22.3,CHIME,Vizier_CHIME_Cat1,20190304A,False,31.78779332987149
FRB20190304B,204.86,24.19,470.70001220703125,20.8,CHIME,Vizier_CHIME_Cat1,20190304B,False,78.79646631993765
FRB20190304C,223.01,26.72,564.5,10.8,CHIME,Vizier_CHIME_Cat1,20190304C,False,63.17955748791505
FRB20190307A,254.55,9.85,352.6000061035156,12.3,CHIME,Vizier_CHIME_Cat1,20190307A,False,29.593663433330434
FRB20190307B,269.2,38.4,291.1000061035156,11.8,CHIME,Vizier_CHIME_Cat1,20190307B,False,26.61181068139165
FRB20190308C,188.36,44.39,498.20001220703125,22.3,CHIME,Vizier_CHIME_Cat1,20190308C,False,72.3637288568465
FRB20190308B,38.59,83.62,179.5,10.3,CHIME,Vizier_CHIME_Cat1,20190308B,False,21.35027329686837
FRB20190309A,278.96,52.41,357.5,9.3,CHIME,Vizier_CHIME_Cat1,20190309A,False,23.468216645823546
FRB20190313B,101.98,74.13,1192.0999755859375,14.1,CHIME,Vizier_CHIME_Cat1,20190313B,False,25.77691095381501
FRB20190313A,190.53,65.13,365.6000061035156,9.4,CHIME,Vizier_CHIME_Cat1,20190313A,False,51.96947715412563
FRB20190316A,5.23,20.51,516.0,12.7,CHIME,Vizier_CHIME_Cat1,20190316A,False,-41.79211771321894
FRB20190317A,87.44,44.66,1156.5,9.3,CHIME,Vizier_CHIME_Cat1,20190317A,False,8.754160334369798
FRB20190317B,101.01,49.73,425.3999938964844,9.9,CHIME,Vizier_CHIME_Cat1,20190317B,False,19.229466505103016
FRB20190317C,125.82,32.07,601.7000122070312,11.4,CHIME,Vizier_CHIME_Cat1,20190317C,False,32.43269250149802
FRB20190317F,236.25,47.05,1125.800048828125,53.6,CHIME,Vizier_CHIME_Cat1,20190317F,False,50.75266474814171
FRB20190317E,274.37,13.25,800.7000122070312,14.9,CHIME,Vizier_CHIME_Cat1,20190317E,False,13.438470752559905
FRB20190318A,324.11,74.46,420.5,24.8,CHIME,Vizier_CHIME_Cat1,20190318A,False,16.3855922843933
FRB20190319A,113.43,5.72,2041.300048828125,22.3,CHIME,Vizier_CHIME_Cat1,20190319A,False,11.999202139836822
FRB20190320A,61.6,63.36,613.0,15.7,CHIME,Vizier_CHIME_Cat1,20190320A,False,8.303223991464938
FRB20190320B,250.4,39.63,490.1000061035156,17.9,CHIME,Vizier_CHIME_Cat1,20190320B,False,41.20249743765645
FRB20190320C,254.73,22.38,367.20001220703125,11.4,CHIME,Vizier_CHIME_Cat1,20190320C,False,34.167141475323554
FRB20190320D,262.22,59.07,1151.699951171875,12.5,CHIME,Vizier_CHIME_Cat1,20190320D,False,33.53074558689136
FRB20190320E,76.64,89.16,299.20001220703125,32.7,CHIME,Vizier_CHIME_Cat1,20190320E,False,26.75461140044981
FRB20190322A,110.75,51.3,1054.5999755859375,19.0,CHIME,Vizier_CHIME_Cat1,20190322A,False,25.610730761632013
FRB20190322B,132.03,73.34,577.4000244140625,10.1,CHIME,Vizier_CHIME_Cat1,20190322B,False,34.139297650001645
FRB20190322C,296.36,70.7,1192.0999755859375,53.1,CHIME,Vizier_CHIME_Cat1,20190322C,False,21.20380560890333
FRB20190323A,112.37,34.46,855.7000122070312,14.7,CHIME,Vizier_CHIME_Cat1,20190323A,False,22.287658147203945
FRB20190323B,193.22,77.24,787.7000122070312,57.2,CHIME,Vizier_CHIME_Cat1,20190323B,False,39.8879618375724
FRB20190323C,199.5,40.07,380.1000061035156,11.5,CHIME,Vizier_CHIME_Cat1,20190323C,False,75.93699663815721
FRB20190323D,56.88,46.93,760.2000122070312,9.4,CHIME,Vizier_CHIME_Cat1,20190323D,False,-5.965704911368494
FRB20190325A,130.41,83.07,357.5,13.3,CHIME,Vizier_CHIME_Cat1,20190325A,False,30.153637958027875
FRB20190325B,183.92,30.32,1730.699951171875,9.8,CHIME,Vizier_CHIME_Cat1,20190325B,False,81.53922636389416
FRB20190325C,53.85,60.17,799.0,11.7,CHIME,Vizier_CHIME_Cat1,20190325C,False,3.5205417900294544
FRB20190326A,161.9,74.22,283.1000061035156,11.7,CHIME,Vizier_CHIME_Cat1,20190326A,False,40.26659981180376
FRB20190327A,281.31,34.28,347.79998779296875,31.9,CHIME,Vizier_CHIME_Cat1,20190327A,False,16.06408881887787
FRB20190328A,120.35,59.1,1303.699951171875,10.2,CHIME,Vizier_CHIME_Cat1,20190328A,False,31.91279161208074
FRB20190328B,199.47,86.85,564.5,9.3,CHIME,Vizier_CHIME_Cat1,20190328B,False,30.256683088633167
FRB20190328C,73.83,81.96,470.70001220703125,18.2,CHIME,Vizier_CHIME_Cat1,20190328C,False,23.02282680974453
FRB20190329B,87.9,76.27,406.0,15.3,CHIME,Vizier_CHIME_Cat1,20190329B,False,22.856628758941053
FRB20190329C,279.79,51.63,1256.800048828125,26.7,CHIME,Vizier_CHIME_Cat1,20190329C,False,22.773035144089818
FRB20190329A,65.54,73.63,189.1999969482422,11.7,CHIME,Vizier_CHIME_Cat1,20190329A,False,16.584494094260577
FRB20190330A,204.09,38.36,509.5,9.4,CHIME,Vizier_CHIME_Cat1,20190330A,False,75.34898968525998
FRB20190330B,269.41,52.81,668.0,44.9,CHIME,Vizier_CHIME_Cat1,20190330B,False,29.23391967131437
FRB20190401A,196.8,79.91,779.5999755859375,22.9,CHIME,Vizier_CHIME_Cat1,20190401A,False,37.19173592740813
FRB20190402A,178.61,47.1,1287.5,10.9,CHIME,Vizier_CHIME_Cat1,20190402A,False,67.10532563512318
FRB20190403G,81.74,25.78,865.4000244140625,11.4,CHIME,Vizier_CHIME_Cat1,20190403G,False,-5.189122043047903
FRB20190403A,116.33,86.36,519.2000122070312,10.8,CHIME,Vizier_CHIME_Cat1,20190403A,False,27.919204264152622
FRB20190403B,135.47,1.46,291.1000061035156,18.9,CHIME,Vizier_CHIME_Cat1,20190403B,False,29.412879253367905
FRB20190403C,249.83,58.7,933.2999877929688,9.0,CHIME,Vizier_CHIME_Cat1,20190403C,False,39.914318908212735
FRB20190403D,326.53,84.29,613.0,10.9,CHIME,Vizier_CHIME_Cat1,20190403D,False,23.115008097511726
FRB20190403E,220.22,86.54,220.0,23.7,CHIME,Vizier_CHIME_Cat1,20190403E,False,30.189148669079454
FRB20190403F,43.34,33.14,666.4000244140625,11.9,CHIME,Vizier_CHIME_Cat1,20190403F,False,-23.138288104317937
FRB20190404A,143.1,36.9,1353.800048828125,24.3,CHIME,Vizier_CHIME_Cat1,20190404A,False,47.184397281473764
FRB20190404B,259.79,40.0,490.1000061035156,134.0,CHIME,Vizier_CHIME_Cat1,20190404B,False,34.073121817404655
FRB20190405A,337.02,20.96,423.79998779296875,9.6,CHIME,Vizier_CHIME_Cat1,20190405A,False,-30.70550665823793
FRB20190405B,236.48,89.16,1111.199951171875,20.6,CHIME,Vizier_CHIME_Cat1,20190405B,False,27.734829115620048
FRB20190406A,283.52,46.96,580.7000122070312,13.1,CHIME,Vizier_CHIME_Cat1,20190406A,False,19.04228400060587
FRB20190408A,262.2,71.6,862.0999755859375,9.2,CHIME,Vizier_CHIME_Cat1,20190408A,False,32.12619003624213
FRB20190409A,79.52,6.72,1789.0,14.5,CHIME,Vizier_CHIME_Cat1,20190409A,False,-17.26631400403758
FRB20190409B,126.65,63.47,297.6000061035156,12.3,CHIME,Vizier_CHIME_Cat1,20190409B,False,34.633802334151106
FRB20190409C,252.6,71.62,674.5,11.2,CHIME,Vizier_CHIME_Cat1,20190409C,False,35.03915117161166
FRB20190409D,336.64,26.95,1298.9000244140625,16.1,CHIME,Vizier_CHIME_Cat1,20190409D,False,-25.681927423611405
FRB20190410A,263.47,-2.37,278.20001220703125,9.9,CHIME,Vizier_CHIME_Cat1,20190410A,False,16.042867049563164
FRB20190410B,265.76,15.17,642.0999755859375,20.4,CHIME,Vizier_CHIME_Cat1,20190410B,False,21.832193622274158
FRB20190411A,80.0,83.89,461.0,11.0,CHIME,Vizier_CHIME_Cat1,20190411A,False,24.6197544993586
FRB20190411B,154.03,29.23,1227.699951171875,15.6,CHIME,Vizier_CHIME_Cat1,20190411B,False,55.86286805585351
FRB20190411C,9.33,20.5,234.5,32.2,CHIME,Vizier_CHIME_Cat1,20190411C,False,-42.249240814631555
FRB20190412A,243.45,61.87,363.8999938964844,42.0,CHIME,Vizier_CHIME_Cat1,20190412A,False,41.95243207937892
FRB20190412B,285.65,19.25,375.29998779296875,12.7,CHIME,Vizier_CHIME_Cat1,20190412B,False,6.282313402648386
FRB20190414A,181.44,38.9,812.0,13.5,CHIME,Vizier_CHIME_Cat1,20190414A,False,74.85260400476267
FRB20190414B,246.9,57.53,511.1000061035156,13.6,CHIME,Vizier_CHIME_Cat1,20190414B,False,41.703022966752364
FRB20190415A,182.38,71.28,632.4000244140625,12.1,CHIME,Vizier_CHIME_Cat1,20190415A,False,45.45772565860891
FRB20190415B,8.86,54.85,711.7000122070312,29.6,CHIME,Vizier_CHIME_Cat1,20190415B,False,-7.9495530455083205
FRB20190415C,74.81,34.8,648.5999755859375,9.2,CHIME,Vizier_CHIME_Cat1,20190415C,False,-4.7849947129870145
FRB20190416A,144.99,33.3,2287.10009765625,14.6,CHIME,Vizier_CHIME_Cat1,20190416A,False,48.53341688488094
FRB20190416B,172.19,35.95,574.2000122070312,19.7,CHIME,Vizier_CHIME_Cat1,20190416B,False,70.35523221128842
FRB20190417B,174.87,64.72,1151.699951171875,14.9,CHIME,Vizier_CHIME_Cat1,20190417B,False,50.6961361274749
FRB20190417A,294.85,59.4,1378.0999755859375,13.4,CHIME,Vizier_CHIME_Cat1,20190417A,False,17.359443401796362
FRB20190417C,45.68,71.26,318.6000061035156,52.2,CHIME,Vizier_CHIME_Cat1,20190417C,False,11.041649321670484
FRB20190418A,65.79,16.04,182.8000030517578,20.4,CHIME,Vizier_CHIME_Cat1,20190418A,False,-22.929131225126692
FRB20190419A,104.98,64.88,438.29998779296875,10.6,CHIME,Vizier_CHIME_Cat1,20190419A,False,25.266988661702317
FRB20190419B,255.27,86.74,166.60000610351562,24.6,CHIME,Vizier_CHIME_Cat1,20190419B,False,28.59958866260628
FRB20190420B,94.73,70.12,844.2999877929688,28.0,CHIME,Vizier_CHIME_Cat1,20190420B,False,22.706680002700402
FRB20190420A,106.55,55.96,609.7999877929688,15.9,CHIME,Vizier_CHIME_Cat1,20190420A,False,24.199603461603058
FRB20190420C,248.1,37.25,627.5999755859375,10.7,CHIME,Vizier_CHIME_Cat1,20190420C,False,42.83619269654183
FRB20190421A,208.03,48.24,226.39999389648438,12.3,CHIME,Vizier_CHIME_Cat1,20190421A,False,65.81443604901753
FRB20190421B,82.49,62.31,393.1000061035156,78.9,CHIME,Vizier_CHIME_Cat1,20190421B,False,15.058847811514072
FRB20190422B,158.27,45.67,975.4000244140625,11.1,CHIME,Vizier_CHIME_Cat1,20190422B,False,56.94663803868603
FRB20190422A,48.56,35.15,452.8999938964844,18.3,CHIME,Vizier_CHIME_Cat1,20190422A,False,-19.173390788072382
FRB20190423A,179.68,55.25,244.1999969482422,39.0,CHIME,Vizier_CHIME_Cat1,20190423A,False,60.294773461509344
FRB20190423B,298.58,26.19,585.5,15.9,CHIME,Vizier_CHIME_Cat1,20190423B,False,-0.8671236927500265
FRB20190423C,349.08,86.97,855.7000122070312,14.8,CHIME,Vizier_CHIME_Cat1,20190423C,False,24.349175121616792
FRB20190423D,29.69,84.8,498.20001220703125,23.9,CHIME,Vizier_CHIME_Cat1,20190423D,False,22.141816265359573
FRB20190424A,168.3,63.78,758.5999755859375,18.1,CHIME,Vizier_CHIME_Cat1,20190424A,False,50.05889198031029
FRB20190425A,255.72,21.52,127.80000305175781,57.6,CHIME,Vizier_CHIME_Cat1,20190425A,False,33.02065438251128
FRB20190425B,210.12,88.6,1030.300048828125,18.2,CHIME,Vizier_CHIME_Cat1,20190425B,False,28.464411212117547
FRB20190426A,115.04,59.12,341.29998779296875,23.9,CHIME,Vizier_CHIME_Cat1,20190426A,False,29.190989077795408
FRB20190427A,78.93,7.77,454.5,25.2,CHIME,Vizier_CHIME_Cat1,20190427A,False,-17.219183260303417
FRB20190428A,170.73,23.33,968.9000244140625,33.0,CHIME,Vizier_CHIME_Cat1,20190428A,False,69.65279711945452
FRB20190429A,281.09,59.42,470.70001220703125,9.7,CHIME,Vizier_CHIME_Cat1,20190429A,False,23.988062975421755
FRB20190429B,329.93,3.96,297.6000061035156,10.2,CHIME,Vizier_CHIME_Cat1,20190429B,False,-38.21372402874786
FRB20190430B,237.72,62.27,2617.10009765625,10.0,CHIME,Vizier_CHIME_Cat1,20190430B,False,44.198842012042455
FRB20190430A,77.7,87.01,349.3999938964844,11.1,CHIME,Vizier_CHIME_Cat1,20190430A,False,25.825179326632835
FRB20190430C,277.22,24.92,399.5,22.5,CHIME,Vizier_CHIME_Cat1,20190430C,False,15.750281131279298
FRB20190501B,261.45,54.36,784.5,24.3,CHIME,Vizier_CHIME_Cat1,20190501B,False,34.047210237208866
FRB20190502A,165.01,59.95,626.0,67.5,CHIME,Vizier_CHIME_Cat1,20190502A,False,52.068188251452526
FRB20190502B,212.04,64.44,917.0999755859375,59.7,CHIME,Vizier_CHIME_Cat1,20190502B,False,50.71745816355159
FRB20190502C,155.6,82.97,396.29998779296875,23.8,CHIME,Vizier_CHIME_Cat1,20190502C,False,32.6325465265239
FRB20190515A,310.15,55.46,452.8999938964844,20.9,CHIME,Vizier_CHIME_Cat1,20190515A,False,8.293522600586225
FRB20190515B,0.83,3.41,820.0999755859375,23.4,CHIME,Vizier_CHIME_Cat1,20190515B,False,-57.32867298441723
FRB20190515C,31.72,20.08,653.5,10.1,CHIME,Vizier_CHIME_Cat1,20190515C,False,-39.37959757794752
FRB20190515D,67.13,-5.01,425.3999938964844,13.0,CHIME,Vizier_CHIME_Cat1,20190515D,False,-33.88665594540229
FRB20190516B,167.34,7.37,1235.800048828125,15.3,CHIME,Vizier_CHIME_Cat1,20190516B,False,58.76155052950585
FRB20190517D,339.95,41.84,1184.0,9.4,CHIME,Vizier_CHIME_Cat1,20190517D,False,-14.624639360421249
FRB20190517B,65.54,73.63,187.60000610351562,9.6,CHIME,Vizier_CHIME_Cat1,20190517B,False,16.584494094260577
FRB20190517C,87.5,26.62,334.79998779296875,25.0,CHIME,Vizier_CHIME_Cat1,20190517C,False,-0.3686021679507892
FRB20190518B,175.11,20.28,913.9000244140625,12.8,CHIME,Vizier_CHIME_Cat1,20190518B,False,72.38792658942896
FRB20190518C,242.01,4.64,444.79998779296875,34.5,CHIME,Vizier_CHIME_Cat1,20190518C,False,38.10445204367687
FRB20190518D,174.72,89.31,202.1999969482422,14.9,CHIME,Vizier_CHIME_Cat1,20190518D,False,27.783751313226187
FRB20190518A,29.5031258,65.7167542,351.0,9.3,CHIME,Vizier_CHIME_Cat1,20190518A,False,3.7250308667486434
FRB20190518E,29.5031258,65.7167542,351.0,16.0,CHIME,Vizier_CHIME_Cat1,20190518E,False,3.7250308667486434
FRB20190518G,94.79,75.52,525.7000122070312,20.2,CHIME,Vizier_CHIME_Cat1,20190518G,False,24.221261088774305
FRB20190519D,164.57,42.99,538.5999755859375,18.6,CHIME,Vizier_CHIME_Cat1,20190519D,False,62.14969919848358
FRB20190519E,168.28,41.65,693.9000244140625,17.0,CHIME,Vizier_CHIME_Cat1,20190519E,False,65.20201905281398
FRB20190519F,165.63,77.23,799.0,20.2,CHIME,Vizier_CHIME_Cat1,20190519F,False,38.28881469756454
FRB20190519G,306.68,72.34,433.5,28.3,CHIME,Vizier_CHIME_Cat1,20190519G,False,18.99294245370863
FRB20190519H,342.99,87.37,1169.5,39.7,CHIME,Vizier_CHIME_Cat1,20190519H,False,24.840290064501055
FRB20190519A,29.5031258,65.7167542,346.1000061035156,11.9,CHIME,Vizier_CHIME_Cat1,20190519A,False,3.7250308667486434
FRB20190519B,29.5031258,65.7167542,349.3999938964844,21.7,CHIME,Vizier_CHIME_Cat1,20190519B,False,3.7250308667486434
FRB20190519C,29.5031258,65.7167542,346.1000061035156,16.4,CHIME,Vizier_CHIME_Cat1,20190519C,False,3.7250308667486434
FRB20190519J,296.21,86.93,642.0999755859375,9.5,CHIME,Vizier_CHIME_Cat1,20190519J,False,26.380056878470562
FRB20190520A,273.52,26.32,431.8999938964844,21.8,CHIME,Vizier_CHIME_Cat1,20190520A,False,19.36796421321425
FRB20190527A,12.45,7.99,582.2999877929688,14.8,CHIME,Vizier_CHIME_Cat1,20190527A,False,-54.879505906283626
FRB20190527B,73.92,63.22,449.70001220703125,9.4,CHIME,Vizier_CHIME_Cat1,20190527B,False,12.300514812047501
FRB20190527C,100.22,57.0,535.4000244140625,48.7,CHIME,Vizier_CHIME_Cat1,20190527C,False,21.106222076716477
FRB20190529A,68.06,40.32,703.5999755859375,10.6,CHIME,Vizier_CHIME_Cat1,20190529A,False,-5.290988578104171
FRB20190530A,68.74,60.59,554.7999877929688,11.5,CHIME,Vizier_CHIME_Cat1,20190530A,False,8.747433736383966
FRB20190531A,203.96,81.72,325.1000061035156,10.9,CHIME,Vizier_CHIME_Cat1,20190531A,False,35.23986080816458
FRB20190531B,259.91,49.32,166.60000610351562,55.3,CHIME,Vizier_CHIME_Cat1,20190531B,False,34.88997708128829
FRB20190531C,331.14,43.0,477.20001220703125,9.7,CHIME,Vizier_CHIME_Cat1,20190531C,False,-10.07030260641711
FRB20190531E,15.2,0.54,328.3999938964844,9.5,CHIME,Vizier_CHIME_Cat1,20190531E,False,-62.24027938348056
FRB20190601A,190.11,62.72,2228.89990234375,15.1,CHIME,Vizier_CHIME_Cat1,20190601A,False,54.362050080268595
FRB20190601B,17.88,23.82,789.2999877929688,29.3,CHIME,Vizier_CHIME_Cat1,20190601B,False,-38.82165845682274
FRB20190601D,85.86,79.35,669.5999755859375,10.6,CHIME,Vizier_CHIME_Cat1,20190601D,False,23.580804350495743
FRB20190601C,88.52,28.47,423.79998779296875,25.1,CHIME,Vizier_CHIME_Cat1,20190601C,False,1.3524555848932887
FRB20190603B,48.87,74.28,503.0,11.8,CHIME,Vizier_CHIME_Cat1,20190603B,False,14.1154384118857
FRB20190603A,29.5031258,65.7167542,347.79998779296875,9.3,CHIME,Vizier_CHIME_Cat1,20190603A,False,3.7250308667486434
FRB20190604D,199.93,15.73,1020.5999755859375,15.2,CHIME,Vizier_CHIME_Cat1,20190604D,False,76.84618608590144
FRB20190604A,218.78,53.28,553.2000122070312,33.8,CHIME,Vizier_CHIME_Cat1,20190604A,False,57.5754694032199
FRB20190604E,235.59,32.06,1218.0,16.8,CHIME,Vizier_CHIME_Cat1,20190604E,False,52.75760693837107
FRB20190604F,29.5031258,65.7167542,352.6000061035156,42.2,CHIME,Vizier_CHIME_Cat1,20190604F,False,3.7250308667486434
FRB20190604C,77.39,49.3,504.70001220703125,45.1,CHIME,Vizier_CHIME_Cat1,20190604C,False,5.516058658903564
FRB20190604G,120.81,59.5,231.3000030517578,21.1,CHIME,Vizier_CHIME_Cat1,20190604G,False,32.14757874184107
FRB20190605C,168.32,-5.19,186.0,25.4,CHIME,Vizier_CHIME_Cat1,20190605C,False,49.909950534149885
FRB20190605D,26.72,28.62,1653.0999755859375,10.9,CHIME,Vizier_CHIME_Cat1,20190605D,False,-32.68919743614781
FRB20190605A,29.5031258,65.7167542,352.6000061035156,23.0,CHIME,Vizier_CHIME_Cat1,20190605A,False,3.7250308667486434
FRB20190605B,29.5031258,65.7167542,349.3999938964844,25.5,CHIME,Vizier_CHIME_Cat1,20190605B,False,3.7250308667486434
FRB20190606A,218.78,53.28,551.5999755859375,10.7,CHIME,Vizier_CHIME_Cat1,20190606A,False,57.5754694032199
FRB20190606B,108.79,86.85,275.0,29.2,CHIME,Vizier_CHIME_Cat1,20190606B,False,27.40955587699428
FRB20190607A,26.23,23.66,559.7000122070312,97.7,CHIME,Vizier_CHIME_Cat1,20190607A,False,-37.59621005942406
FRB20190607B,42.02,49.62,289.5,15.8,CHIME,Vizier_CHIME_Cat1,20190607B,False,-8.983666026272601
FRB20190608A,359.23,19.17,719.7999877929688,12.1,CHIME,Vizier_CHIME_Cat1,20190608A,False,-41.85379010757115
FRB20190609A,345.3,87.94,315.3999938964844,10.8,CHIME,Vizier_CHIME_Cat1,20190609A,False,25.298083984219964
FRB20190609B,210.49,88.35,292.79998779296875,41.2,CHIME,Vizier_CHIME_Cat1,20190609B,False,28.699597944405976
FRB20190609C,73.17,24.06,480.3999938964844,11.0,CHIME,Vizier_CHIME_Cat1,20190609C,False,-12.510049308222952
FRB20190609D,115.94,51.69,509.5,16.6,CHIME,Vizier_CHIME_Cat1,20190609D,False,28.859332745764736
FRB20190611A,65.54,73.63,187.60000610351562,15.9,CHIME,Vizier_CHIME_Cat1,20190611A,False,16.584494094260577
FRB20190612A,148.16,70.42,427.0,16.6,CHIME,Vizier_CHIME_Cat1,20190612A,False,39.91256657793843
FRB20190612B,222.21,4.31,186.0,10.8,CHIME,Vizier_CHIME_Cat1,20190612B,False,53.8836337928177
FRB20190612C,79.12,61.01,1638.5,38.7,CHIME,Vizier_CHIME_Cat1,20190612C,False,13.014827022840807
FRB20190613A,257.4,18.85,714.9000244140625,18.2,CHIME,Vizier_CHIME_Cat1,20190613A,False,30.623030659826533
FRB20190613B,65.75,42.67,286.29998779296875,37.7,CHIME,Vizier_CHIME_Cat1,20190613B,False,-4.9197258922650215
FRB20190614A,179.79,88.33,1062.699951171875,12.4,CHIME,Vizier_CHIME_Cat1,20190614A,False,28.754334510784446
FRB20190614B,332.86,24.69,580.7000122070312,57.6,CHIME,Vizier_CHIME_Cat1,20190614B,False,-25.40285401995697
FRB20190614C,356.5,35.91,585.5,12.0,CHIME,Vizier_CHIME_Cat1,20190614C,False,-25.100753889904016
FRB20190616A,234.03,34.48,211.89999389648438,14.6,CHIME,Vizier_CHIME_Cat1,20190616A,False,54.13404288781974
FRB20190617A,178.6,83.87,195.6999969482422,27.1,CHIME,Vizier_CHIME_Cat1,20190617A,False,33.05785404632001
FRB20190617B,56.43,1.16,275.0,12.7,CHIME,Vizier_CHIME_Cat1,20190617B,False,-39.45386632277337
FRB20190617C,134.37,35.7,637.2999877929688,14.1,CHIME,Vizier_CHIME_Cat1,20190617C,False,40.07812571323904
FRB20190618A,321.25,25.44,228.10000610351562,33.4,CHIME,Vizier_CHIME_Cat1,20190618A,False,-17.651806933978143
FRB20190619A,165.18,68.37,897.7000122070312,14.3,CHIME,Vizier_CHIME_Cat1,20190619A,False,45.59336379168452
FRB20190619B,231.74,82.15,270.1000061035156,19.7,CHIME,Vizier_CHIME_Cat1,20190619B,False,33.115997271405334
FRB20190619C,38.29,36.33,486.8999938964844,10.2,CHIME,Vizier_CHIME_Cat1,20190619C,False,-22.17137445358923
FRB20190619D,114.79,41.59,375.29998779296875,13.4,CHIME,Vizier_CHIME_Cat1,20190619D,False,26.121981103072073
FRB20190621A,188.22,74.19,197.3000030517578,9.0,CHIME,Vizier_CHIME_Cat1,20190621A,False,42.87610344985929
FRB20190621B,193.14,55.64,1059.5,11.4,CHIME,Vizier_CHIME_Cat1,20190621B,False,61.487529790086604
FRB20190621C,206.57,5.23,571.0,14.4,CHIME,Vizier_CHIME_Cat1,20190621C,False,64.50109868719899
FRB20190621D,270.63,78.89,645.4000244140625,17.4,CHIME,Vizier_CHIME_Cat1,20190621D,False,28.93162652659496
FRB20190622A,298.98,85.81,1120.9000244140625,9.9,CHIME,Vizier_CHIME_Cat1,20190622A,False,25.894152854746025
FRB20190623A,270.48,24.52,1082.0999755859375,9.6,CHIME,Vizier_CHIME_Cat1,20190623A,False,21.274202187695877
FRB20190623B,335.22,46.12,1554.4000244140625,25.3,CHIME,Vizier_CHIME_Cat1,20190623B,False,-9.197054359772407
FRB20190623C,192.31,86.03,1049.800048828125,12.5,CHIME,Vizier_CHIME_Cat1,20190623C,False,31.098062818032833
FRB20190624A,168.32,69.78,973.7000122070312,15.3,CHIME,Vizier_CHIME_Cat1,20190624A,False,45.04819573631395
FRB20190624B,304.65,73.61,215.10000610351562,39.1,CHIME,Vizier_CHIME_Cat1,20190624B,False,20.134830608140707
FRB20190625A,227.91,32.88,297.6000061035156,19.8,CHIME,Vizier_CHIME_Cat1,20190625A,False,59.25127168023556
FRB20190625E,65.54,73.63,187.60000610351562,11.4,CHIME,Vizier_CHIME_Cat1,20190625E,False,16.584494094260577
FRB20190625C,73.2,11.1,441.6000061035156,12.1,CHIME,Vizier_CHIME_Cat1,20190625C,False,-20.143936753014508
FRB20190625D,115.02,4.87,716.5999755859375,36.3,CHIME,Vizier_CHIME_Cat1,20190625D,False,13.03293847260474
FRB20190626A,65.54,73.63,194.10000610351562,11.9,CHIME,Vizier_CHIME_Cat1,20190626A,False,16.584494094260577
FRB20190627A,195.89,0.75,402.79998779296875,9.4,CHIME,Vizier_CHIME_Cat1,20190627A,False,63.461704966002806
FRB20190627B,256.4,40.79,428.6000061035156,56.2,CHIME,Vizier_CHIME_Cat1,20190627B,False,36.73526738072018
FRB20190627C,267.88,71.58,968.9000244140625,49.9,CHIME,Vizier_CHIME_Cat1,20190627C,False,30.35188495495649
FRB20190627D,295.33,43.84,1999.199951171875,12.0,CHIME,Vizier_CHIME_Cat1,20190627D,False,10.207852266559724
FRB20190628A,199.06,51.75,745.7000122070312,10.9,CHIME,Vizier_CHIME_Cat1,20190628A,False,64.93865155491439
FRB20190628B,248.48,80.14,406.0,12.4,CHIME,Vizier_CHIME_Cat1,20190628B,False,32.36466587809755
FRB20190628C,11.52,48.59,1740.4000244140625,10.0,CHIME,Vizier_CHIME_Cat1,20190628C,False,-14.272237160321794
FRB20190629A,6.34,12.67,503.0,10.0,CHIME,Vizier_CHIME_Cat1,20190629A,False,-49.70173525482807
FRB20190630B,328.21,43.01,653.5,48.3,CHIME,Vizier_CHIME_Cat1,20190630B,False,-8.739735999644644
FRB20190630A,331.71,17.37,401.1000061035156,19.4,CHIME,Vizier_CHIME_Cat1,20190630A,False,-30.229556189489525
FRB20190630C,68.38,80.95,1659.5999755859375,10.8,CHIME,Vizier_CHIME_Cat1,20190630C,False,21.780791962111312
FRB20190630D,143.36,8.9,321.8999938964844,19.1,CHIME,Vizier_CHIME_Cat1,20190630D,False,39.91073287328034
FRB20190701A,277.47,59.04,635.7000122070312,12.1,CHIME,Vizier_CHIME_Cat1,20190701A,False,25.723052552466008
FRB20190701B,302.93,80.18,748.9000244140625,15.0,CHIME,Vizier_CHIME_Cat1,20190701B,False,23.404001463867726
FRB20190701C,96.36,81.63,972.0999755859375,11.5,CHIME,Vizier_CHIME_Cat1,20190701C,False,25.87839508791243
FRB20190701D,112.1,66.7,934.9000244140625,34.4,CHIME,Vizier_CHIME_Cat1,20190701D,False,28.380547849262705
FRB20190701E,138.57,61.71,888.0,15.2,CHIME,Vizier_CHIME_Cat1,20190701E,False,40.36987723590827
FRB20200125A,219.13158333,7.7019,179.47,8.1,GBT,Vizier_FRBCAT,20200125A,False,58.426061621365285
FRB20190614D,65.07554167,73.70675,959.2,8.27,VLA,Vizier_FRBCAT,20190614D,False,16.540300545008407
FRB191108,23.44583333,31.85833333,588.1,103.0,Apertif,Vizier_FRBCAT,191108,False,-30.15708027328286
FRB190907.J08+46,122.25,46.26666667,310.9,0.0,CHIME/FRB,Vizier_FRBCAT,190907.J08+46,False,32.25881071669193
FRB190711,329.4195,-80.358,593.1,23.8,ASKAP,Vizier_FRBCAT,190711,False,-33.902272802847904
FRB190611,320.74545833,-79.39758333,321.4,9.3,ASKAP,Vizier_FRBCAT,190611,False,-33.28181503221257
FRB190608,334.01979167,-7.89822222,338.7,16.1,ASKAP,Vizier_FRBCAT,190608,False,-48.52956157818286
FRB190604.J1435+53,218.75,53.28333333,552.7,0.0,CHIME/FRB,Vizier_FRBCAT,190604.J1435+53,False,57.586183354492746
FRB190523,207.065,72.46972222,760.8,11.5,DSA-10,Vizier_FRBCAT,190523,False,44.00194861241551
FRB190417.J1939+59,294.75,59.4,1378.1,0.0,CHIME/FRB,Vizier_FRBCAT,190417.J1939+59,False,17.40588833215791
FRB190303.J1353+48,208.25,48.25,222.4,0.0,CHIME/FRB,Vizier_FRBCAT,190303.J1353+48,False,65.72250263990554
FRB190222.J2052+69,313.0,69.83333333,460.6,0.0,CHIME/FRB,Vizier_FRBCAT,190222.J2052+69,False,15.900360813035478
FRB190212.J18+81,276.0,81.43333333,301.7,0.0,CHIME/FRB,Vizier_FRBCAT,190212.J18+81,False,27.822260164622925
FRB190212.J02+20,33.5,20.06666667,651.1,0.0,CHIME/FRB,Vizier_FRBCAT,190212.J02+20,False,-38.74434181736721
FRB190209.J0937+77,144.25,77.66666667,424.6,0.0,CHIME/FRB,Vizier_FRBCAT,190209.J0937+77,False,34.83062607867049
FRB190208.J1855+46,283.75,46.96666667,579.9,0.0,CHIME/FRB,Vizier_FRBCAT,190208.J1855+46,False,18.896831911213255
FRB190117.J2207+17,331.75,17.38333333,393.3,0.0,CHIME/FRB,Vizier_FRBCAT,190117.J2207+17,False,-30.24561702377035
FRB190116.J1249+27,192.25,27.15,444.0,0.0,CHIME/FRB,Vizier_FRBCAT,190116.J1249+27,False,89.45718940554137
FRB190102,322.41566667,-79.47569444,363.6,14.0,ASKAP,Vizier_FRBCAT,190102,False,-33.49306230897518
FRB181228,92.3485,-45.96733333,354.2,12.0,UTMOST,Vizier_FRBCAT,181228,False,-26.146928637084336
FRB181128.J0456+63,74.0,63.38333333,450.2,0.0,CHIME/FRB,Vizier_FRBCAT,181128.J0456+63,False,12.427693388029054
FRB181123,76.52816667,18.15991667,1812.0,0.0,FAST,Vizier_FRBCAT,181123,False,-13.472838204851982
FRB181119.J12+65,190.5,65.13333333,364.2,0.0,CHIME/FRB,Vizier_FRBCAT,181119.J12+65,False,51.96540414238425
FRB181112,327.34845833,-52.97094167,589.27,19.3,ASKAP,Vizier_FRBCAT,181112,False,-47.698840218314224
FRB181030.J1054+73,163.5,73.73333333,103.5,0.0,CHIME/FRB,Vizier_FRBCAT,181030.J1054+73,False,40.91995903290722
FRB181017.J1705+68,256.25,68.28333333,1281.9,0.0,CHIME/FRB,Vizier_FRBCAT,181017.J1705+68,False,34.82842868622947
FRB181017,331.47841667,-8.84283889,239.97,66.0,UTMOST,Vizier_FRBCAT,181017,False,-46.88160740564136
FRB181016,236.58683333,-25.40905556,1982.8,17.0,UTMOST,Vizier_FRBCAT,181016,False,22.660721356136616
FRB180924,326.10522917,-40.90002778,361.42,194.0,ASKAP,Vizier_FRBCAT,180924,False,-49.41466406247183
FRB180916.J0158+65,29.5,65.73333333,348.8,0.0,CHIME/FRB,Vizier_FRBCAT,180916.J0158+65,False,3.740731795822979
FRB180908.J1232+74,188.0,74.2,195.7,0.0,CHIME/FRB,Vizier_FRBCAT,180908.J1232+74,False,42.86012959597438
FRB180817.J1533+42,233.25,42.2,1006.84,69.9,CHIME/FRB,Vizier_FRBCAT,180817.J1533+42,False,53.9449742204616
FRB180814.J1554+74,238.5,74.01666667,238.32,29.7,CHIME/FRB,Vizier_FRBCAT,180814.J1554+74,False,37.56748883328329
FRB180814.J0422+73,65.5,73.73333333,189.38,24.0,CHIME/FRB,Vizier_FRBCAT,180814.J0422+73,False,16.645876741163523
FRB180812.J0112+80,18.0,80.78333333,802.57,19.8,CHIME/FRB,Vizier_FRBCAT,180812.J0112+80,False,17.94611205247215
FRB180810.J1159+83,179.75,83.11666667,169.134,56.7,CHIME/FRB,Vizier_FRBCAT,180810.J1159+83,False,33.81966004508491
FRB180810.J0646+34,101.5,34.86666667,414.95,17.7,CHIME/FRB,Vizier_FRBCAT,180810.J0646+34,False,14.084169724948513
FRB180806.J1515+75,228.75,75.63333333,739.98,17.5,CHIME/FRB,Vizier_FRBCAT,180806.J1515+75,False,38.36190946631169
FRB180801.J2130+72,322.5,72.71666667,656.2,41.1,CHIME/FRB,Vizier_FRBCAT,180801.J2130+72,False,15.468450584132128
FRB180730.J0353+87,58.25,87.2,849.047,92.4,CHIME/FRB,Vizier_FRBCAT,180730.J0353+87,False,25.14482172214112
FRB180729.J1316+55,199.0,55.53333333,109.61,243.1,CHIME/FRB,Vizier_FRBCAT,180729.J1316+55,False,61.24879230412217
FRB180729.J0558+56,89.5,56.5,317.37,25.2,CHIME/FRB,Vizier_FRBCAT,180729.J0558+56,False,15.470240649882903
FRB180727.J1311+26,197.75,26.43333333,642.07,14.2,CHIME/FRB,Vizier_FRBCAT,180727.J1311+26,False,85.57940439502362
FRB180725.J0613+67,93.25,67.06666667,715.98,34.5,CHIME/FRB,Vizier_FRBCAT,180725.J0613+67,False,21.22624597987124
FRB180714,266.55,-11.76305556,1467.92,22.0,Parkes,Vizier_FRBCAT,180714,False,8.726816959245186
FRB180528,99.7075,-49.89972222,899.3,11.0,UTMOST,Vizier_FRBCAT,180528,False,-22.35295817633258
FRB180525,220.0,-2.2,388.1,27.4,ASKAP,Vizier_FRBCAT,180525,False,50.70575769759893
FRB180515,348.3,-42.24611111,355.2,12.1,ASKAP,Vizier_FRBCAT,180515,False,-64.92956924262248
FRB180430,102.75,-9.95,264.1,28.2,ASKAP,Vizier_FRBCAT,180430,False,-4.615226496027348
FRB180417,186.23333333,14.21666667,474.8,24.2,ASKAP,Vizier_FRBCAT,180417,False,75.68549545159149
FRB180324,94.0,-34.78333333,431.0,9.8,ASKAP,Vizier_FRBCAT,180324,False,-21.882456181367754
FRB180321,8.25,42.03,594.0,8.2,Pushchino,Vizier_FRBCAT,180321,False,-20.710717672929515
FRB180315,293.75,-26.83333333,479.0,10.4,ASKAP,Vizier_FRBCAT,180315,False,-20.846903206068024
FRB180311,322.88925,-57.74075,1570.9,11.5,Parkes,Vizier_FRBCAT,180311,False,-43.71983736699477
FRB180309,321.1825,-33.97902778,263.42,411.0,Parkes,Vizier_FRBCAT,180309,False,-45.43736854334859
FRB180212,215.25,-3.58333333,167.5,18.3,ASKAP,Vizier_FRBCAT,180212,False,52.44636779128889
FRB180131,327.475,-40.68333333,657.7,13.8,ASKAP,Vizier_FRBCAT,180131,False,-50.46703781018048
FRB180130,328.05,-38.56666667,343.5,10.2,ASKAP,Vizier_FRBCAT,180130,False,-51.0739201542766
FRB180128.2,335.5,-60.25,495.9,9.6,ASKAP,Vizier_FRBCAT,180128.2,False,-48.323329464252865
FRB180128.0,209.0,-6.71666667,441.4,12.4,ASKAP,Vizier_FRBCAT,180128.0,False,52.72217984372345
FRB180119,52.325,-12.73333333,402.7,15.9,ASKAP,Vizier_FRBCAT,180119,False,-50.415408524655575
FRB180110,328.25,-35.45,715.7,35.6,ASKAP,Vizier_FRBCAT,180110,False,-51.3159551607724
FRB171216,52.0,-57.06666667,203.1,8.0,ASKAP,Vizier_FRBCAT,171216,False,-49.28694317649263
FRB171213,54.75,-10.93333333,158.6,25.1,ASKAP,Vizier_FRBCAT,171213,False,-47.47528247048467
FRB171209,237.60416667,-46.17222222,1457.4,40.0,Parkes,Vizier_FRBCAT,171209,False,6.244819972677248
FRB171116,52.75,-17.23333333,618.5,11.8,ASKAP,Vizier_FRBCAT,171116,False,-51.9336645815077
FRB171020,333.75,-19.66666667,114.1,19.5,ASKAP,Vizier_FRBCAT,171020,False,-53.49023613514507
FRB171019,334.375,-8.66666667,460.8,23.4,ASKAP,Vizier_FRBCAT,171019,False,-49.23706098441482
FRB171004,179.4,-11.9,304.0,10.9,ASKAP,Vizier_FRBCAT,171004,False,48.84370649041683
FRB171003,187.375,-14.11666667,463.2,13.8,ASKAP,Vizier_FRBCAT,171003,False,48.412857500851295
FRB170922,322.460875,-7.99458056,1111.0,20.0,UTMOST,Vizier_FRBCAT,170922,False,-38.69839673259918
FRB170906,329.95,-19.95,390.3,17.0,ASKAP,Vizier_FRBCAT,170906,False,-50.203138474246785
FRB170827,12.32775,-65.55063889,176.8,110.0,UTMOST,Vizier_FRBCAT,170827,False,-51.576151094867804
FRB170712,339.0,-60.95,312.79,12.7,ASKAP,Vizier_FRBCAT,170712,False,-49.242785348419474
FRB170707,44.75,-57.26666667,235.2,9.5,ASKAP,Vizier_FRBCAT,170707,False,-52.38930320719337
FRB170606,83.5,41.75,247.0,8.3,Pushchino,Vizier_FRBCAT,170606,False,4.791222603622101
FRB170428,326.75,-41.85,991.7,10.5,ASKAP,Vizier_FRBCAT,170428,False,-49.80337569495581
FRB170416,333.25,-55.03333333,523.2,13.0,ASKAP,Vizier_FRBCAT,170416,False,-50.05134596678132
FRB170107,170.825,-5.0,609.5,16.0,ASKAP,Vizier_FRBCAT,170107,False,51.45333486272911
FRB161202,356.0,40.8,291.0,7.1,Pushchino,Vizier_FRBCAT,161202,False,-20.29234229447053
FRB160920,83.5,41.75,1767.0,9.1,Pushchino,Vizier_FRBCAT,160920,False,4.791222603622101
FRB160608,114.175,-40.79777778,682.0,12.0,UTMOST,Vizier_FRBCAT,160608,False,-9.540240779603957
FRB160410,130.35416667,6.08472222,278.0,13.0,UTMOST,Vizier_FRBCAT,160410,False,27.18703058427757
FRB160317,118.44583333,-29.60861111,1165.0,13.0,UTMOST,Vizier_FRBCAT,160317,False,-0.9960451906531966
FRB160206,15.25,41.63,1262.0,7.9,Pushchino,Vizier_FRBCAT,160206,False,-21.206164782718922
FRB160102,339.70416667,-30.18055556,2596.1,16.0,Parkes,Vizier_FRBCAT,160102,False,-60.84735246718299
FRB151230,145.20833333,-3.45138889,960.4,17.0,Parkes,Vizier_FRBCAT,151230,False,34.81969357224763
FRB151206,290.35416667,-4.13166667,1909.8,10.0,Parkes,Vizier_FRBCAT,151206,False,-8.547907060158952
FRB151125,22.75,30.98,273.0,8.5,Pushchino,Vizier_FRBCAT,151125,False,-31.12960723834527
FRB151018,80.25,33.1,570.0,6.2,Pushchino,Vizier_FRBCAT,151018,False,-2.1557060657492624
FRB150807,340.62916667,-55.07833333,266.5,0.0,Parkes,Vizier_FRBCAT,150807,False,-53.59589209232819
FRB150610,161.10833333,-40.08972222,1593.9,18.0,Parkes,Vizier_FRBCAT,150610,False,16.578453670950335
FRB150418,109.14583333,-19.01111111,776.2,39.0,Parkes,Vizier_FRBCAT,150418,False,-3.233272728585934
FRB150215,274.3625,-4.90416667,1105.6,19.0,Parkes,Vizier_FRBCAT,150215,False,5.280919744676788
FRB141216,3.5,41.64,545.0,7.6,Pushchino,Vizier_FRBCAT,141216,False,-20.688475028438173
FRB141113,93.25041667,18.78644444,400.3,8.4,arecibo,Vizier_FRBCAT,141113,False,0.3551991072784251
FRB140514,338.525,-12.31277778,562.7,16.0,Parkes,Vizier_FRBCAT,140514,False,-54.61198553837041
FRB140212,22.75,30.54,910.0,9.2,Pushchino,Vizier_FRBCAT,140212,False,-31.562501087223602
FRB131104,101.04166667,-51.27777778,779.0,30.0,Parkes,Vizier_FRBCAT,131104,False,-21.926276233807627
FRB131030,6.25,39.98,203.0,10.1,Pushchino,Vizier_FRBCAT,131030,False,-22.61014074783302
FRB130729,205.3375,-5.99527778,861.0,14.0,Parkes,Vizier_FRBCAT,130729,False,54.74457552487358
FRB130628,135.75833333,3.43777778,469.88,29.0,Parkes,Vizier_FRBCAT,130628,False,30.65562600028603
FRB130626,246.775,-7.46333333,952.4,21.0,Parkes,Vizier_FRBCAT,130626,False,27.4202548316999
FRB121102,83.0375,33.08694444,557.0,14.0,arecibo,Vizier_FRBCAT,121102,False,-0.22513458834140476
FRB121029,3.0,42.06,732.0,7.3,Pushchino,Vizier_FRBCAT,121029,False,-20.21473586791656
FRB121002,273.69583333,-85.19805556,1629.18,16.0,Parkes,Vizier_FRBCAT,121002,False,-26.264679394442663
FRB120127,348.775,-18.42722222,553.3,11.0,Parkes,Vizier_FRBCAT,120127,False,-66.20369137120876
FRB110703,352.7125,-2.87333333,1103.6,16.0,Parkes,Vizier_FRBCAT,110703,False,-59.01908347386137
FRB110626,315.92916667,-44.73861111,723.0,11.0,Parkes,Vizier_FRBCAT,110626,False,-41.752178540088636
FRB110523,326.3,-0.16027778,623.3,42.0,GBT,Vizier_FRBCAT,110523,False,-37.823423363705
FRB110220,338.65833333,-12.39583333,944.38,49.0,Parkes,Vizier_FRBCAT,110220,False,-54.76629630266955
FRB110214,20.32083333,-49.78638889,168.9,13.0,Parkes,Vizier_FRBCAT,110214,False,-66.62883602046358
FRB090625,46.94583333,-29.92666667,899.55,30.0,Parkes,Vizier_FRBCAT,090625,False,-60.03030493907262
FRB010724,19.525,-75.205,375.0,23.0,Parkes,Vizier_FRBCAT,010724,False,-41.80506615606608
FRB010621,283.02083333,-8.49305556,745.0,16.3,Parkes,Vizier_FRBCAT,010621,False,-4.003816389462417
FRB010312,81.72875,-64.93866667,1187.0,11.0,Parkes,Vizier_FRBCAT,010312,False,-33.29558395345403
FRB010305,74.33125,-52.60685222,350.0,10.2,Parkes,Vizier_FRBCAT,010305,False,-38.34524690884032
FRB010125,286.72083333,-40.62055556,790.0,17.0,Parkes,Vizier_FRBCAT,010125,False,-20.020649819539475
200428,293.7,26.1,332.8,,STARE2/CHIME,Galactic Magnetar,nan,False,2.882531851449135
20220610A,347.8,-45.5,1458.0,,ASKAP,Deepest_Event,nan,False,-62.912514407711534
